{
 "square_grid:Gemma-Qwen": {
  "observed": 0.670407667199111,
  "token_L0": -0.12830752135564968,
  "partial_confound": 0.6572400861170914,
  "minus_graph": 0.7445239252725883,
  "shuffle95": 0.17007292173067567,
  "gridA": 0.698215153830127,
  "gridB": 0.21072296687269945
 },
 "ring:Llama-Gemma": {
  "observed": 0.9339606917147024,
  "token_L0": -0.0596708104729495,
  "partial_confound": 0.9340231960552815,
  "minus_graph": 0.8237585943468295,
  "shuffle95": 0.15696645600388912,
  "gridA": 0.8188415862212652,
  "gridB": 0.8304951732759218
 },
 "ring:Llama-Qwen": {
  "observed": 0.8369609000625042,
  "token_L0": 0.10639627751927216,
  "partial_confound": 0.841718174873255,
  "minus_graph": 0.6557608167233835,
  "shuffle95": 0.15945655948329743,
  "gridA": 0.8188415862212652,
  "gridB": 0.7490450725744843
 },
 "ring:Gemma-Qwen": {
  "observed": 0.8375164942009861,
  "token_L0": -0.04133620390304882,
  "partial_confound": 0.8286756024723937,
  "minus_graph": 0.7174526008750607,
  "shuffle95": 0.15823077991527187,
  "gridA": 0.8304951732759218,
  "gridB": 0.7490450725744843
 },
 "hex:Llama-Gemma": {
  "observed": 0.9496631710535453,
  "token_L0": -0.00793110632682825,
  "partial_confound": 0.9516008056115006,
  "minus_graph": 0.7165428154732967,
  "shuffle95": 0.16208208903396068,
  "gridA": 0.8548996458087366,
  "gridB": 0.8696923397458156
 },
 "hex:Llama-Qwen": {
  "observed": 0.9176678936037224,
  "token_L0": 0.1172581429265921,
  "partial_confound": 0.9284603097437321,
  "minus_graph": 0.6590666018473504,
  "shuffle95": 0.15245051739704144,
  "gridA": 0.8548996458087366,
  "gridB": 0.8361622334884367
 },
 "hex:Gemma-Qwen": {
  "observed": 0.9188415862212652,
  "token_L0": -0.12077227585248973,
  "partial_confound": 0.9020973678727688,
  "minus_graph": 0.6449406208764497,
  "shuffle95": 0.15914369053406474,
  "gridA": 0.8696923397458156,
  "gridB": 0.8361622334884367
 }
}