{
 "square_grid:Gemma-Qwen": {
  "linear": {
   "coef": [
    0.37588140769222506,
    10.375941785114676
   ],
   "r2": 0.8682676746627115
  },
  "sigmoid": {
   "coef": [
    13.451524072087183,
    29.993808298574088,
    0.1702490150106644,
    30.651862638929547
   ],
   "r2": 0.9646091856053438
  },
  "rel_linear": {
   "coef": [
    0.4403182204394636,
    0.29645547957470497
   ],
   "r2": 0.8682676746627115
  }
 },
 "square_grid:Gemma-Llama": {
  "linear": {
   "coef": [
    0.311926694803535,
    7.534323374866313
   ],
   "r2": 0.9408029005811653
  },
  "sigmoid": {
   "coef": [
    -47.146419933372265,
    23.844793338135297,
    0.038577944769508286,
    -28.51330429076396
   ],
   "r2": 0.9591464961001291
  },
  "rel_linear": {
   "coef": [
    0.4125482092562884,
    0.24304268951181668
   ],
   "r2": 0.9408029005811654
  }
 },
 "square_grid:Qwen-Llama": {
  "linear": {
   "coef": [
    0.6071676229236854,
    2.8095784157275516
   ],
   "r2": 0.9775677696065429
  },
  "sigmoid": {
   "coef": [
    -45.16207387940833,
    63.562156854477614,
    0.02272349368425271,
    10.55200561376857
   ],
   "r2": 0.9776652363708784
  },
  "rel_linear": {
   "coef": [
    0.6855118323331931,
    0.09063156179766292
   ],
   "r2": 0.9775677696065429
  }
 },
 "ring:Gemma-Qwen": {
  "linear": {
   "coef": [
    0.45536373440341554,
    11.783646608115006
   ],
   "r2": 0.9724155576512056
  },
  "sigmoid": {
   "coef": [
    -39.08108756668968,
    80.31524878251993,
    0.015336244860370038,
    19.39329071578621
   ],
   "r2": 0.9723952201767682
  },
  "rel_linear": {
   "coef": [
    0.5334260888725724,
    0.3366756173747144
   ],
   "r2": 0.9724155576512057
  }
 },
 "ring:Gemma-Llama": {
  "linear": {
   "coef": [
    0.3709964429403024,
    7.45737978204645
   ],
   "r2": 0.9192395173420157
  },
  "sigmoid": {
   "coef": [
    -47.42490457907054,
    23.93186266290861,
    0.053153485939555,
    -18.941217586810296
   ],
   "r2": 0.955561191544351
  },
  "rel_linear": {
   "coef": [
    0.4906727148565288,
    0.24056063813053075
   ],
   "r2": 0.9192395173420157
  }
 },
 "ring:Qwen-Llama": {
  "linear": {
   "coef": [
    0.5308033726562238,
    3.5138818700457497
   ],
   "r2": 0.9356052828037359
  },
  "sigmoid": {
   "coef": [
    0.5569954027985644,
    36.103405525299905,
    0.0671705458688292,
    27.88051925217753
   ],
   "r2": 0.9414520250817331
  },
  "rel_linear": {
   "coef": [
    0.5992941304183169,
    0.1133510280659918
   ],
   "r2": 0.935605282803736
  }
 },
 "hex:Gemma-Qwen": {
  "linear": {
   "coef": [
    0.2473082186307002,
    15.662779581802074
   ],
   "r2": 0.9273977113258879
  },
  "sigmoid": {
   "coef": [
    13.984858854995169,
    32.9886510675859,
    0.06014386188474151,
    31.59951914292098
   ],
   "r2": 0.9352674085766843
  },
  "rel_linear": {
   "coef": [
    0.2897039132531062,
    0.4475079880514883
   ],
   "r2": 0.9273977113258879
  }
 },
 "hex:Gemma-Llama": {
  "linear": {
   "coef": [
    0.16716060329931756,
    12.130475589293363
   ],
   "r2": 0.796721028177563
  },
  "sigmoid": {
   "coef": [
    -46.35558640982356,
    19.500917070270198,
    0.04914088868155332,
    -38.46927125980129
   ],
   "r2": 0.8316030506932087
  },
  "rel_linear": {
   "coef": [
    0.22108337855716184,
    0.39130566417075374
   ],
   "r2": 0.796721028177563
  }
 },
 "hex:Qwen-Llama": {
  "linear": {
   "coef": [
    0.3010607369320583,
    8.647745347901802
   ],
   "r2": 0.8070371409125012
  },
  "sigmoid": {
   "coef": [
    -49.99999999999999,
    20.22389498836062,
    0.061267997895097695,
    -22.17647539249217
   ],
   "r2": 0.8268075217467588
  },
  "rel_linear": {
   "coef": [
    0.3399072836329691,
    0.27895952735167096
   ],
   "r2": 0.8070371409125012
  }
 },
 "days:Gemma-Qwen": {
  "linear": {
   "coef": [
    0.35175336869258084,
    17.766397854207877
   ],
   "r2": 0.6693446238252603
  },
  "sigmoid": {
   "coef": [
    14.711556741006845,
    28.985116411627867,
    0.3534345175932265,
    10.512903614517846
   ],
   "r2": 0.9332773169156063
  },
  "rel_linear": {
   "coef": [
    0.41205394618273755,
    0.507611367263082
   ],
   "r2": 0.6693446238252603
  }
 },
 "days:Gemma-Llama": {
  "linear": {
   "coef": [
    0.1803980499698492,
    11.552102834084454
   ],
   "r2": 0.8802900340134644
  },
  "sigmoid": {
   "coef": [
    11.858246478764066,
    18.76385766617285,
    0.14893199687564132,
    20.913699674675325
   ],
   "r2": 0.8997587542976165
  },
  "rel_linear": {
   "coef": [
    0.2385909693149616,
    0.3726484785188534
   ],
   "r2": 0.8802900340134645
  }
 },
 "days:Qwen-Llama": {
  "linear": {
   "coef": [
    0.3529821098808966,
    10.727802946621393
   ],
   "r2": 0.5044065018605522
  },
  "sigmoid": {
   "coef": [
    5.660237634734928,
    20.606747678269382,
    4.999999999086774,
    10.343723973270418
   ],
   "r2": 0.9470752420162851
  },
  "rel_linear": {
   "coef": [
    0.39852818857520567,
    0.34605815956843206
   ],
   "r2": 0.5044065018605521
  }
 }
}