{
  "n_nodes": 16,
  "walk_length": 2000,
  "ctx_window": [
    1000,
    2000
  ],
  "grid_rsa": {
    "0": -0.13447461629279808,
    "1": -0.0657406764358636,
    "2": -0.017292867560247237,
    "3": -0.0064865615667754695,
    "4": -0.00495173275921939,
    "5": -0.022619626362941868,
    "6": 0.01402180706993541,
    "7": 0.009778456837280364,
    "8": 0.019973609278422108,
    "9": 0.018334606569900685,
    "10": 0.009618723522466836,
    "11": 0.05401069518716576,
    "12": 0.05046183762761302,
    "13": 0.13005069796513646,
    "14": 0.22125147579693033,
    "15": 0.1378567956108063,
    "16": 0.5030002083478018,
    "17": 0.5581845961525105,
    "18": 0.5991457740120841,
    "19": 0.44014862143204386,
    "20": 0.598215153830127,
    "21": 0.6285367039377734,
    "22": 0.6513299534689908,
    "23": 0.6308215848322799,
    "24": 0.5736231682755747,
    "25": 0.5902632127231058,
    "26": 0.5852698104035002,
    "27": 0.6928258906868531,
    "28": 0.5816028890895201,
    "29": 0.6158622126536564,
    "30": 0.5667615806653239,
    "31": 0.5904715605250364,
    "32": 0.5960205569831237,
    "33": 0.6478574901034793,
    "34": 0.6040836169178414,
    "35": 0.6510035419126328,
    "36": 0.7095770539620806,
    "37": 0.7167858879088824,
    "38": 0.7375442739079102,
    "39": 0.798229043683589,
    "40": 0.7754357941523715,
    "41": 0.6997152580040279
  }
}