{
  "n_nodes": 16,
  "walk_length": 2000,
  "ctx_window": [
    1000,
    2000
  ],
  "grid_rsa": {
    "0": 0.010924369747899159,
    "1": 0.10604903118272102,
    "2": 0.05089936801166747,
    "3": 0.04715605250364608,
    "4": 0.32549482602958535,
    "5": 0.020501423709979857,
    "6": 0.07485936523369677,
    "7": 0.3891450795194111,
    "8": 0.4347176887283839,
    "9": 0.5348704771164664,
    "10": 0.42607125494826026,
    "11": 0.37413014792693927,
    "12": 0.6536634488506144,
    "13": 0.6551079936106673,
    "14": 0.5185985137856796,
    "15": 0.5914716299743037,
    "16": 0.4711924439197166,
    "17": 0.5095214945482324,
    "18": 0.46059448572817546,
    "19": 0.48092228626987976,
    "20": 0.42916869227029647,
    "21": 0.5639141607056045,
    "22": 0.570115980276408,
    "23": 0.6455864990624348,
    "24": 0.6828946454614903,
    "25": 0.7299743037710952,
    "26": 0.7753802347385234,
    "27": 0.7359955552468921,
    "28": 0.7803528022779359,
    "29": 0.7976665046183761,
    "30": 0.8116952566150427,
    "31": 0.8054517674838529
  }
}