{
  "n_nodes": 16,
  "walk_length": 2000,
  "ctx_window": [
    1000,
    2000
  ],
  "grid_rsa": {
    "0": 0.01929995138551288,
    "1": -0.00193068963122439,
    "2": 0.007042155705257309,
    "3": -0.013112021668171398,
    "4": -0.03166192096673379,
    "5": -0.03869713174526008,
    "6": -0.01665393430099312,
    "7": -0.013542607125494823,
    "8": -0.047183832210570174,
    "9": -0.06935203833599554,
    "10": -0.07383151607750538,
    "11": -0.08472116119174941,
    "12": -0.06075421904298909,
    "13": -0.045128133898187366,
    "14": 0.07118549899298561,
    "15": 0.06907424126675463,
    "16": 0.16558094312105007,
    "17": 0.21766094867699146,
    "18": 0.3029863184943399,
    "19": 0.3434613514827418,
    "20": 0.44719077713730115,
    "21": 0.4305924022501562,
    "22": 0.40013889853462037,
    "23": 0.38993680116674767,
    "24": 0.3790471560525036,
    "25": 0.23173831516077503,
    "26": 0.25244114174595456,
    "27": 0.37269949302034855,
    "28": 0.3309257587332453,
    "29": 0.41311202166817135,
    "30": 0.45619834710743795,
    "31": 0.5635391346621292,
    "32": 0.6530661851517465,
    "33": 0.731752205014237,
    "34": 0.7080075005208694,
    "35": 0.4919508299187442
  }
}