{
  "run_id": "D0p6_seed1",
  "diversity": 0.6,
  "seed": 1,
  "final_loss": 0.9686985969543457,
  "transition_t_ruler": 16,
  "sharpness_ruler": 0.29566066585277917,
  "transition_t_analytic": 32,
  "r2_curve": [
    0.16181255049305324,
    0.2540400409260557,
    0.4077669257541043,
    0.5174383157286171,
    0.6226590379498637,
    0.6985317758311036,
    0.7284326828680842,
    0.7521547135845044,
    0.9999627641281739
  ],
  "analytic": [
    0.05720394692834199,
    0.08669858972670028,
    0.15030817857513748,
    0.26023728341589397,
    0.44083461402123963,
    0.6374096885077746,
    0.8176201909567871,
    0.9138768556881907,
    0.9680690048710842
  ]
}