{
  "ruler": {
    "location_t": 16,
    "cross_index": 4,
    "changepoint_t": 16,
    "sharpness": 0.29566066585277917,
    "range": 0.8381502146351206
  },
  "analytic": {
    "location_t": 32,
    "cross_index": 5,
    "changepoint_t": 32,
    "sharpness": 0.21581141197215675,
    "range": 0.9108650589427422
  }
}