{
  "run_id": "D2p0_seed0",
  "diversity": 2.0,
  "seed": 0,
  "final_loss": 1.2406642436981201,
  "transition_t_ruler": 256,
  "sharpness_ruler": 0.5558517065595965,
  "transition_t_analytic": 64,
  "r2_curve": [
    0.026203825796686807,
    0.035699620817992404,
    0.090731178047098,
    0.18009636826538744,
    0.2802894638639092,
    0.3673219671160223,
    0.4114680220289393,
    0.45868984825050346,
    0.9999462208413725
  ],
  "analytic": [
    0.03953380614268359,
    0.04838978200583411,
    0.06809817874124803,
    0.11119892432263312,
    0.19731619469980868,
    0.3419707206833742,
    0.5251326028432526,
    0.7023549410621099,
    0.8407427615587527
  ]
}