{
  "ruler": {
    "location_t": 256,
    "cross_index": 8,
    "changepoint_t": 256,
    "sharpness": 0.5558517065595965,
    "range": 0.9737423960446857
  },
  "analytic": {
    "location_t": 64,
    "cross_index": 6,
    "changepoint_t": 64,
    "sharpness": 0.22860688300239385,
    "range": 0.801208956416069
  }
}