{
  "run_id": "D0p1_seed0",
  "diversity": 0.1,
  "seed": 0,
  "final_loss": 0.37763647854328153,
  "transition_t_ruler": 8,
  "sharpness_ruler": 0.6753084099648663,
  "transition_t_analytic": 16,
  "r2_curve": [
    0.7027959168378487,
    0.6821034111247157,
    0.7811513546151813,
    0.855057847970264,
    0.8941214930343685,
    0.9336489249178543,
    0.949918162900599,
    0.9761828141162179,
    0.996316475457794
  ],
  "analytic": [
    0.09216568459519503,
    0.14173404697297048,
    0.2275728121499075,
    0.34266840619385963,
    0.48240510752171767,
    0.6067339797933629,
    0.690424490886794,
    0.7811259291312768,
    0.8500331733020413
  ]
}