{
  "ruler": {
    "location_t": 8,
    "split_index": 3,
    "sharpness": 0.6753084099648663,
    "level_jump": 0.21219072554026774
  },
  "analytic": {
    "location_t": 16,
    "split_index": 4,
    "sharpness": 0.6348198137317584,
    "level_jump": 0.4811092986490555
  }
}