{
  "run_id": "D2p0_seed0",
  "diversity": 2.0,
  "seed": 0,
  "final_loss": 1.2397306275367737,
  "transition_t_ruler": 256,
  "sharpness_ruler": 0.7318445674477037,
  "transition_t_analytic": 64,
  "r2_curve": [
    0.009912831154384816,
    0.013321467167434209,
    0.032408831920045844,
    0.11435109130259688,
    0.1678312960891595,
    0.22350221948197618,
    0.25160806683966375,
    0.2753525282648992,
    0.9997853663326243
  ],
  "analytic": [
    0.03953380614268359,
    0.04838978200583411,
    0.06809817874124803,
    0.11119892432263312,
    0.19731619469980868,
    0.3419707206833742,
    0.5251326028432526,
    0.7023549410621099,
    0.8407427615587527
  ]
}