{
  "ruler": {
    "location_t": 256,
    "cross_index": 8,
    "changepoint_t": 256,
    "sharpness": 0.7318445674477037,
    "range": 0.9898725361782394
  },
  "analytic": {
    "location_t": 64,
    "cross_index": 6,
    "changepoint_t": 64,
    "sharpness": 0.22860688300239385,
    "range": 0.801208956416069
  }
}