{
 "Llama": {
  "within_ABC": [
   0.9973478246654038,
   0.9997143344132192,
   0.9997704134394149,
   0.999803260130692,
   0.9997763817478543,
   0.9996412510547885,
   0.9993837850735429,
   0.9990078332440345,
   0.9984610511719813,
   0.997712780691358,
   0.9970450443289387,
   0.9964548176844558,
   0.9961712707527576,
   0.9960557833405334,
   0.9963809414556013,
   0.9964322392246505,
   0.9964990608828631,
   0.9963472242034439,
   0.9965225413338512,
   0.9966340437880468,
   0.9963708453759431,
   0.99657870676276,
   0.9965868085191784,
   0.9963293962291837,
   0.9962591855433346,
   0.9962194198152832,
   0.9959942368207411,
   0.9956257399152106,
   0.9952394089512658,
   0.9949236319570913,
   0.9937938186463318,
   0.9937507141371946
  ],
  "within_123": [
   0.9782976216643936,
   0.9956655117568739,
   0.998307601275289,
   0.9994152211990566,
   0.9995910148355109,
   0.9995582400939704,
   0.9994161872248772,
   0.9992134378958725,
   0.9987418019745561,
   0.9981390546162184,
   0.9975247136133533,
   0.9970530169879201,
   0.9970254506998641,
   0.9966757214338704,
   0.996532781931454,
   0.9963789033499953,
   0.9963883948650432,
   0.9961997749251155,
   0.9962092449896753,
   0.9965648709227422,
   0.9963937013410161,
   0.9964787475278241,
   0.9964471244920171,
   0.9963702508440673,
   0.9963541500521981,
   0.9963209765576048,
   0.9961030805983899,
   0.9959644671846257,
   0.9960281511536729,
   0.9956382362229881,
   0.9945023507752764,
   0.9942584792573951
  ],
  "cross_123to ABC": [
   -1.0689530359958206,
   -0.14101657019842873,
   0.11620635169235138,
   0.141103627964695,
   0.06810316587783627,
   0.15327072537122843,
   0.18263289821794082,
   0.18050873361480424,
   0.1926194474398576,
   0.1771422125162525,
   0.15419681067550617,
   0.1809579152948939,
   0.01700482561685257,
   0.05061169410293831,
   -0.055466651935555555,
   -0.02878077154849734,
   -0.03291972814992006,
   0.0067960494053547205,
   0.02494721124139465,
   -0.2862815794403395,
   -0.33275705509031384,
   -0.14310862433429206,
   -0.017725097344190255,
   -0.2383000229373886,
   -0.31412682394243197,
   0.08753609093111836,
   -0.16227447661905514,
   -0.5992840098959193,
   -0.5467166543094324,
   -0.9252954287666704,
   -0.3471111913314813,
   -2.845213046972554
  ],
  "cross_ABCto123": [
   -0.019354006328171858,
   -0.0058560920778572,
   0.05260867499303368,
   0.04423872653609762,
   0.04473125216145335,
   0.0019106732305623764,
   -0.09068384388929074,
   -0.22372155543167938,
   -0.34720658785207137,
   -0.4111861107834447,
   -0.5146058555458797,
   -0.6229863165353071,
   -0.4725816613941254,
   -0.4849336230646437,
   -0.7298687383764011,
   -0.6982578673371098,
   -0.6157850236853935,
   -0.5153270874227924,
   -0.5793984740246707,
   -0.5340726612479871,
   -0.635341781279245,
   -0.2754881281794932,
   -0.5243666677592091,
   -0.28149313995370195,
   -0.25404556915103194,
   -0.6029178325028581,
   -0.8226479414234271,
   -1.340985394169231,
   -0.5758917646350001,
   -0.936460782923116,
   -1.1141257487599083,
   -2.519753122637061
  ]
 },
 "Gemma": {
  "within_ABC": [
   0.999321665785742,
   0.9997608277475017,
   0.9999160551381766,
   0.9999770265278295,
   0.9999723043791691,
   0.9999677993911129,
   0.9999587360768897,
   0.9999388287584714,
   0.9999186836619357,
   0.999893254945305,
   0.9998762117821158,
   0.9998411215793667,
   0.9997853494378259,
   0.9997094632385864,
   0.99963112817772,
   0.9995110165248561,
   0.9993619821447415,
   0.9991043665517572,
   0.9989537001965707,
   0.9988185714540502,
   0.9986311107576212,
   0.9985253033740334,
   0.9983767542046275,
   0.9983228447029732,
   0.9982187942561173,
   0.9981203848764931,
   0.9982354189151706,
   0.9984928670504175,
   0.9983941991556927,
   0.9983867349702621,
   0.9984061441640013,
   0.9984143260842103,
   0.9984062140413719,
   0.9984295557857965,
   0.9983561019751465,
   0.9983041057657789,
   0.9982136405208425,
   0.997971503302366,
   0.9976491245370802,
   0.9969079869768045,
   0.996709258030155,
   0.9965460358477235
  ],
  "within_123": [
   0.9954252715970712,
   0.9985543638369793,
   0.9995895118200795,
   0.9998720639817907,
   0.9999039971029577,
   0.9999192108861212,
   0.9999379078486472,
   0.9999212725475979,
   0.9999036119981617,
   0.9998784617282629,
   0.9998666970154819,
   0.9998542329741852,
   0.9998170183162801,
   0.9997290474544916,
   0.99961919002273,
   0.999479993633091,
   0.9992578209498113,
   0.9988526299149679,
   0.9985367963765404,
   0.9982773905143245,
   0.9979965228443529,
   0.9978799920326514,
   0.9977959790624406,
   0.9978247443870925,
   0.9977142907153649,
   0.9976137110392757,
   0.997637693405451,
   0.9982183998533093,
   0.9982508716860548,
   0.998260201242518,
   0.9983034919698097,
   0.9981872622916552,
   0.9982145484703641,
   0.9982399690934272,
   0.9982155181350884,
   0.9981909804497247,
   0.9980260823888236,
   0.9977285296296858,
   0.9970868765680911,
   0.996131938777341,
   0.9957682072776111,
   0.9948182763062247
  ],
  "cross_123to ABC": [
   -63.078461987720516,
   -13.758674703493654,
   -4.110396321780895,
   -3.0428128179419067,
   -0.616579064229313,
   -0.7370854375721314,
   -0.5274877298000362,
   -0.40632747252857926,
   -0.5298084903180207,
   -0.41504454797799206,
   -0.5772735984705455,
   -0.6625600680044701,
   -0.4035611582506915,
   -0.3736236077975035,
   -0.6313755634041402,
   -0.49503792029708427,
   -0.7512965814165349,
   -0.8541523958126744,
   -0.8872158066120681,
   -0.7680510218265428,
   -0.9096017391967777,
   -0.8384309937888994,
   -0.8213012928548207,
   -0.5546345564367066,
   -0.6694849151503695,
   -0.587900777647197,
   -1.2666039573780181,
   -1.4988797882544236,
   -1.0943163065431998,
   -1.1047559778002745,
   -1.2573399384615556,
   -1.430719964501701,
   -1.3018150435193205,
   -1.2113297132788756,
   -1.7063854035296542,
   -1.0213662381645676,
   -2.2757614240101396,
   -3.0927903974902575,
   -1.321805481575188,
   -1.9328980508008495,
   -0.9652555409155643,
   -4.477693390242693
  ],
  "cross_ABCto123": [
   -3.3807425771163926,
   -8.586089815645785,
   -0.44233904939477187,
   -0.019154786616497388,
   -0.0036442763615738283,
   0.0692144763873993,
   0.06669983790772005,
   0.08610843517390121,
   0.019142196911056564,
   -0.005883328816109978,
   -0.08822624473370566,
   -0.2436563209295164,
   -0.2943346206524611,
   -0.2544553093271049,
   -0.3360348501669752,
   -0.3324310927589915,
   -0.35505429179519266,
   -0.3343081951703786,
   -0.3750540382696377,
   -0.3136519665578701,
   -0.29646119916294,
   -0.29167789332895655,
   -0.30927380793490955,
   -0.3792163317534638,
   -0.3303664715069239,
   -0.4838033051474113,
   -0.43576039288987944,
   -0.0722161687228422,
   -0.15304665862293754,
   -0.2360429043360439,
   -0.15011294240264172,
   -0.45681799156940506,
   -0.6332732845964473,
   -0.5046476869924783,
   -0.45416971223006297,
   -0.22329969423528317,
   -0.2800265422621504,
   -0.7368057563872938,
   -1.1406279584883454,
   -1.043558367721824,
   -3.2474328026526686,
   -3.1854709067377236
  ]
 },