{
 "Llama": {
  "0": 0.9973478246654038,
  "1": 0.9997143344132192,
  "2": 0.9997704134394149,
  "3": 0.999803260130692,
  "4": 0.9997763817478543,
  "5": 0.9996412510547885,
  "6": 0.9993837850735429,
  "7": 0.9990078332440345,
  "8": 0.9984610511719813,
  "9": 0.997712780691358,
  "10": 0.9970450443289387,
  "11": 0.9964548176844558,
  "12": 0.9961712707527576,
  "13": 0.9960557833405334,
  "14": 0.9963809414556013,
  "15": 0.9964322392246505,
  "16": 0.9964990608828631,
  "17": 0.9963472242034439,
  "18": 0.9965225413338512,
  "19": 0.9966340437880468,
  "20": 0.9963708453759431,
  "21": 0.99657870676276,
  "22": 0.9965868085191784,
  "23": 0.9963293962291837,
  "24": 0.9962591855433346,
  "25": 0.9962194198152832,
  "26": 0.9959942368207411,
  "27": 0.9956257399152106,
  "28": 0.9952394089512658,
  "29": 0.9949236319570913,
  "30": 0.9937938186463318,
  "31": 0.9937507141371946
 },
 "Gemma": {
  "0": 0.999321665785742,
  "1": 0.9997608277475017,
  "2": 0.9999160551381766,
  "3": 0.9999770265278295,
  "4": 0.9999723043791691,
  "5": 0.9999677993911129,
  "6": 0.9999587360768897,
  "7": 0.9999388287584714,
  "8": 0.9999186836619357,
  "9": 0.999893254945305,
  "10": 0.9998762117821158,
  "11": 0.9998411215793667,
  "12": 0.9997853494378259,
  "13": 0.9997094632385864,
  "14": 0.99963112817772,
  "15": 0.9995110165248561,
  "16": 0.9993619821447415,
  "17": 0.9991043665517572,
  "18": 0.9989537001965707,
  "19": 0.9988185714540502,
  "20": 0.9986311107576212,
  "21": 0.9985253033740334,
  "22": 0.9983767542046275,
  "23": 0.9983228447029732,
  "24": 0.9982187942561173,
  "25": 0.9981203848764931,
  "26": 0.9982354189151706,
  "27": 0.9984928670504175,
  "28": 0.9983941991556927,
  "29": 0.9983867349702621,
  "30": 0.9984061441640013,
  "31": 0.9984143260842103,
  "32": 0.9984062140413719,
  "33": 0.9984295557857965,
  "34": 0.9983561019751465,
  "35": 0.9983041057657789,
  "36": 0.9982136405208425,
  "37": 0.997971503302366,
  "38": 0.9976491245370802,
  "39": 0.9969079869768045,
  "40": 0.996709258030155,
  "41": 0.9965460358477235
 },
 "Qwen": {
  "0": 0.9988082477369551,
  "1": 0.9997324444704981,
  "2": 0.9997878910028801,
  "3": 0.9998231702890827,
  "4": 0.999824531902772,
  "5": 0.9998459381433399,
  "6": 0.9998585655429991,
  "7": 0.9998341980785266,
  "8": 0.9997559699515655,
  "9": 0.9995894786545446,
  "10": 0.9995001306554022,
  "11": 0.9994077639063973,
  "12": 0.9992582283624842,
  "13": 0.9989196964297224,
  "14": 0.9985409161924308,
  "15": 0.9979643964937542,
  "16": 0.9974146218485337,
  "17": 0.9968299695675472,
  "18": 0.996456277964409,
  "19": 0.9962377231614011,
  "20": 0.9956677467951993,
  "21": 0.9956317245327294,
  "22": 0.9951415959025436,
  "23": 0.9952472037593174,
  "24": 0.9952705588108354,
  "25": 0.9954695358289006,
  "26": 0.9952359831560957,
  "27": 0.9953378797786254,
  "28": 0.9957417390053892,
  "29": 0.9959361790725815,
  "30": 0.9959675510330587,
  "31": 0.9958346293875602,
  "32": 0.9956274012849778,
  "33": 0.9953756779569625,
  "34": 0.9946524162654595,
  "35": 0.9950341635247552
 }
}