{
 "optimal": {
  "ce": 1.089496492937806,
  "acc": 0.39034591194968554
 },
 "unigram": {
  "ce": 1.0986122886681098,
  "acc": 0.3333333333333333
 },
 "Llama": {
  "ce": 1.1024681329727173,
  "acc": 0.352421373128891,
  "alphabet_mass": 0.9848780035972595
 },
 "Gemma": {
  "ce": 1.989869236946106,
  "acc": 0.3205031454563141,
  "alphabet_mass": 0.996498703956604
 },
 "Qwen": {
  "ce": 1.1037447452545166,
  "acc": 0.34952831268310547,
  "alphabet_mass": 0.9885578751564026
 }
}