{
  "run_id": "D0p1_seed1",
  "diversity": 0.1,
  "seed": 1,
  "final_loss": 0.3841321873664856,
  "transition_t_ruler": 32,
  "sharpness_ruler": 0.7080996651022324,
  "transition_t_analytic": 32,
  "r2_curve": [
    0.7697809822938059,
    0.7914783188798304,
    0.8165396492607663,
    0.747086662275587,
    0.8030669659278086,
    0.9152953980701698,
    0.9599869567606729,
    0.9790781160548587,
    0.9976244286130713
  ],
  "analytic": [
    0.10375556361246299,
    0.15182452403677382,
    0.22887319857149907,
    0.30191204579847997,
    0.3793815306746877,
    0.4656551942861008,
    0.5540213840697354,
    0.6462316248699487,
    0.7456334180063423
  ]
}