{
  "ruler": {
    "location_t": 32,
    "split_index": 5,
    "sharpness": 0.7080996651022324,
    "level_jump": 0.17740570914713372
  },
  "analytic": {
    "location_t": 32,
    "split_index": 5,
    "sharpness": 0.57602241557682,
    "level_jump": 0.3697360327692511
  }
}