{
  "run_id": "D2p0_seed1",
  "diversity": 2.0,
  "seed": 1,
  "final_loss": 1.2383204579353333,
  "transition_t_ruler": 256,
  "sharpness_ruler": 0.5901958659896096,
  "transition_t_analytic": 64,
  "r2_curve": [
    0.017655930819929378,
    0.057353112025010276,
    0.1047129529454599,
    0.16814964268149166,
    0.2699796599511965,
    0.3475801925957154,
    0.3850954557306151,
    0.4202061951321802,
    0.9999551110723186
  ],
  "analytic": [
    0.039592425439073806,
    0.05079533319534457,
    0.07659413804341339,
    0.1199855078979486,
    0.2212249760557805,
    0.367975256697439,
    0.557641821004567,
    0.7206382226967345,
    0.8679793374675144
  ]
}