{
  "run_id": "D0p3_seed0",
  "diversity": 0.3,
  "seed": 0,
  "final_loss": 0.7325841188430786,
  "transition_t_ruler": 8,
  "sharpness_ruler": 0.6829111025041734,
  "transition_t_analytic": 16,
  "r2_curve": [
    0.456887335749116,
    0.5200834727390774,
    0.5934435986168207,
    0.7619957649933534,
    0.8310388833734692,
    0.8919410845958058,
    0.9320858994799611,
    0.9424223695827457,
    0.997826989897224
  ],
  "analytic": [
    0.06755555739719396,
    0.10553416858205264,
    0.1896634108969047,
    0.34586510966866835,
    0.571071723952153,
    0.7800455291749719,
    0.9052551236052887,
    0.965123121439178,
    0.9935508885543178
  ]
}