{
  "ruler": {
    "location_t": 8,
    "split_index": 3,
    "sharpness": 0.6829111025041734,
    "level_jump": 0.36941369628542176
  },
  "analytic": {
    "location_t": 16,
    "split_index": 4,
    "sharpness": 0.7190691924524669,
    "level_jump": 0.6658547157089769
  }
}