{
  "run_id": "D2p0_seed1",
  "diversity": 2.0,
  "seed": 1,
  "final_loss": 1.2383204770088196,
  "transition_t_ruler": 8,
  "sharpness_ruler": 0.566652055163503,
  "transition_t_analytic": 64,
  "r2_curve": [
    0.35740571847272606,
    0.26597536047618087,
    0.5601972902679343,
    0.6799655639813903,
    0.6968778361166257,
    0.8067189960775393,
    0.8185709370423154,
    0.8545306735829848,
    0.9974531743869284
  ],
  "analytic": [
    0.039592425439073806,
    0.05079533319534457,
    0.0765941380434134,
    0.11998550789794862,
    0.2212249760557805,
    0.3679752566974391,
    0.557641821004567,
    0.7206382226967343,
    0.8679793374675138
  ]
}