{
  "ruler": {
    "location_t": 8,
    "split_index": 3,
    "sharpness": 0.566652055163503,
    "level_jump": 0.41449340712568356
  },
  "analytic": {
    "location_t": 64,
    "split_index": 6,
    "sharpness": 0.6873501321822028,
    "level_jump": 0.5693918541681051
  }
}