{
  "run_id": "D0p1_seed0",
  "diversity": 0.1,
  "seed": 0,
  "final_loss": 0.3854976636171341,
  "transition_t_ruler": 8,
  "sharpness_ruler": 0.23315111248178866,
  "transition_t_analytic": 16,
  "r2_curve": [
    0.5229779761157434,
    0.6341676434611201,
    0.7292546868020411,
    0.7785815346701425,
    0.8323090501331109,
    0.872713273734235,
    0.8838977149247862,
    0.8992156707332825,
    0.9998775539417363
  ],
  "analytic": [
    0.09216568459519503,
    0.14173404697297048,
    0.22757281214990746,
    0.3426684061938597,
    0.4824051075217176,
    0.6067339797933629,
    0.6904244908867941,
    0.7811259291312769,
    0.8500331733020414
  ]
}