{
  "run_id": "D0p1_seed1",
  "diversity": 0.1,
  "seed": 1,
  "final_loss": 0.3841321885585785,
  "transition_t_ruler": 16,
  "sharpness_ruler": 0.20941650444344975,
  "transition_t_analytic": 32,
  "r2_curve": [
    0.6023172409119851,
    0.6691568441574723,
    0.752430795316416,
    0.7933227670434306,
    0.8415050081784823,
    0.8823486145854789,
    0.9132112185979718,
    0.9346736882727523,
    0.9999647480692551
  ],
  "analytic": [
    0.10375556361246299,
    0.15182452403677382,
    0.22887319857149907,
    0.30191204579847997,
    0.3793815306746877,
    0.4656551942861008,
    0.5540213840697354,
    0.6462316248699487,
    0.7456334180063423
  ]
}