{
  "n_nodes": 16,
  "walk_length": 2000,
  "ctx_window": [
    1000,
    2000
  ],
  "grid_rsa": {
    "0": -0.00016667824154455169,
    "1": 0.10034030140982012,
    "2": 0.13830821584832279,
    "3": 0.09038822140426418,
    "4": 0.09323564136398359,
    "5": -0.009354816306687963,
    "6": 0.04235016320577817,
    "7": 0.0422390443780818,
    "8": 0.0840544482255712,
    "9": 0.060907007431071594,
    "10": 0.05812209181193138,
    "11": 0.07536634488506146,
    "12": 0.10067365789290922,
    "13": 0.0971039655531634,
    "14": 0.21242447392180008,
    "15": 0.27242169595110766,
    "16": 0.5338356830335439,
    "17": 0.5717480380581985,
    "18": 0.5518230432668935,
    "19": 0.42567539412459193,
    "20": 0.5247447739426349,
    "21": 0.6092853670393777,
    "22": 0.5495312174456558,
    "23": 0.5918327661643169,
    "24": 0.487318563789152,
    "25": 0.5275852489756232,
    "26": 0.4343287728314466,
    "27": 0.5115702479338843,
    "28": 0.5310299326342106,
    "29": 0.6550246544898951,
    "30": 0.44621154246822686,
    "31": 0.541384818390166,
    "32": 0.5100076394194041,
    "33": 0.5411556358080422,
    "34": 0.4875408014445447,
    "35": 0.4967011598027641,
    "36": 0.5718799916660878,
    "37": 0.5414681575109381,
    "38": 0.562886311549413,
    "39": 0.6584693381484824,
    "40": 0.6487047711646641,
    "41": 0.6086186540731995
  }
}