{
  "n_nodes": 16,
  "walk_length": 2000,
  "ctx_window": [
    1000,
    2000
  ],
  "grid_rsa": {
    "0": -0.015410792416140007,
    "1": 0.20677824848947843,
    "2": 0.18838113757899852,
    "3": 0.21787624140565315,
    "4": 0.3964580873671782,
    "5": 0.2249114521841794,
    "6": 0.25018404055837207,
    "7": 0.4561914021807069,
    "8": 0.48653378706854633,
    "9": 0.5417320647267171,
    "10": 0.4611570247933883,
    "11": 0.3888186679630529,
    "12": 0.5413292589763177,
    "13": 0.564643378012362,
    "14": 0.3958399888881171,
    "15": 0.35912910618792965,
    "16": 0.34712132786999095,
    "17": 0.31807069935412174,
    "18": 0.2786999097159525,
    "19": 0.2891936940065282,
    "20": 0.24684353080075,
    "21": 0.3650809083964164,
    "22": 0.34041252864782273,
    "23": 0.3434544065560108,
    "24": 0.37643586360163894,
    "25": 0.37030349329814566,
    "26": 0.3772761997360927,
    "27": 0.36052503646086526,
    "28": 0.4011320230571567,
    "29": 0.4102437669282588,
    "30": 0.4004166956038613,
    "31": 0.3560663934995485
  }
}