{
  "n_nodes": 16,
  "walk_length": 2000,
  "ctx_window": [
    1000,
    2000
  ],
  "grid_rsa": {
    "0": -0.15891381345926797,
    "1": -0.06276824779498574,
    "2": -0.01885547607472741,
    "3": -0.07686644905896242,
    "4": -0.10852142509896517,
    "5": -0.09583998888811722,
    "6": -0.03545385096187235,
    "7": 0.01243836377526217,
    "8": -0.0088825612889784,
    "9": 0.019390235433016177,
    "10": 0.025862907146329602,
    "11": 0.03191193832905062,
    "12": 0.08406139315230222,
    "13": 0.07352593930134037,
    "14": 0.1418779081880686,
    "15": 0.13485658726300434,
    "16": 0.17178970761858461,
    "17": 0.1677477602611292,
    "18": 0.20007639419404122,
    "19": 0.15978887422737686,
    "20": 0.13622473782901587,
    "21": 0.1420306965761511,
    "22": 0.10493089797902631,
    "23": 0.06867838044308633,
    "24": 0.13807903326619902,
    "25": 0.11761927911660532,
    "26": 0.10850059031877213,
    "27": 0.1895548301965414,
    "28": 0.08273491214667685,
    "29": 0.0825404541982082,
    "30": 0.10292381415376066,
    "31": 0.1461976526147649,
    "32": 0.22086950482672407,
    "33": 0.14700326411556358,
    "34": 0.1731786929647892,
    "35": 0.0689770122925203
  }
}