{
  "gemma": {
    "0": -0.00011111882769636779,
    "1": 0.0898256823390513,
    "2": 0.13014792693937077,
    "3": 0.08532536981734841,
    "4": 0.08588790888256127,
    "5": -0.015827488020001387,
    "6": 0.03783596083061323,
    "7": 0.03921800125008681,
    "8": 0.07904021112577261,
    "9": 0.05328147788040836,
    "10": 0.050309049239530515,
    "11": 0.06974789915966385,
    "12": 0.09754149593721785,
    "13": 0.09356899784707269,
    "14": 0.20665323980831998,
    "15": 0.26792832835613584,
    "16": 0.5191471629974302,
    "17": 0.5593305090631293,
    "18": 0.5409125633724563,
    "19": 0.41432738384610035,
    "20": 0.5194666296270574,
    "21": 0.601500104173901,
    "22": 0.5452184179456906,
    "23": 0.584873949579832,
    "24": 0.485818459615251,
    "25": 0.5247308840891728,
    "26": 0.43221751510521556,
    "27": 0.516910896590041,
    "28": 0.5316966456003889,
    "29": 0.6576637266476838,
    "30": 0.44843391902215424,
    "31": 0.5527397735953885,
    "32": 0.5176609486769914,
    "33": 0.547426904646156,
    "34": 0.48586012917563715,
    "35": 0.5009861795958053,
    "36": 0.5758524897562329,
    "37": 0.5475796930342384,
    "38": 0.5668379748593652,
    "39": 0.6685742065421209,
    "40": 0.6551357733175914,
    "41": 0.6090075699701367
  },
  "qwen": {
    "0": -0.15435099659698587,
    "1": -0.06186540731995276,
    "2": -0.01783457184526703,
    "3": -0.07773456490034028,
    "4": -0.10658379054100976,
    "5": -0.09672893950968815,
    "6": -0.04039169386762969,
    "7": 0.010966039308285297,
    "8": -0.007938051253559274,
    "9": 0.020175012153621778,
    "10": 0.02923119661087575,
    "11": 0.028654767692200843,
    "12": 0.08699215223279393,
    "13": 0.07499131884158622,
    "14": 0.14618376276130285,
    "15": 0.13325925411486905,
    "16": 0.175234391277172,
    "17": 0.16794916313632888,
    "18": 0.19968053337037292,
    "19": 0.16037919299951384,
    "20": 0.13566914369053404,
    "21": 0.14530870199319396,
    "22": 0.10923675255226055,
    "23": 0.07483158552677269,
    "24": 0.14251684144732268,
    "25": 0.11741093131467463,
    "26": 0.1085561497326203,
    "27": 0.18794360719494407,
    "28": 0.08385304535037155,
    "29": 0.08225571220223625,
    "30": 0.10412528647822764,
    "31": 0.14394749635391343,
    "32": 0.22211959163830816,
    "33": 0.14431557747065765,
    "34": 0.17588721438988816,
    "35": 0.06382387665810124
  }
}