{
  "run_id": "D0p6_seed0",
  "diversity": 0.6,
  "seed": 0,
  "final_loss": 0.968034862279892,
  "transition_t_ruler": 8,
  "sharpness_ruler": 0.5901545473635273,
  "transition_t_analytic": 32,
  "r2_curve": [
    0.2812216410030046,
    0.49460671451188,
    0.5862738158978872,
    0.7388151987159081,
    0.8440815608691945,
    0.882972239529843,
    0.9114108315355824,
    0.8844685632041266,
    0.9970098100758173
  ],
  "analytic": [
    0.05715320383418355,
    0.08450824926143896,
    0.1485218631719294,
    0.25928910736527944,
    0.4396629936709529,
    0.6401701009732433,
    0.8274043394524031,
    0.939989995320115,
    0.9817820071167473
  ]
}