{
  "Llama": {
    "deep_layer": 25,
    "PC1-2": {
      "semantic_rsa": 0.8363636363636363,
      "context_rsa": -0.36363636363636365
    },
    "PC3-4": {
      "semantic_rsa": -0.4623376623376624,
      "context_rsa": 0.8701298701298701
    }
  },
  "Gemma": {
    "deep_layer": 33,
    "PC1-2": {
      "semantic_rsa": 0.44155844155844154,
      "context_rsa": -0.16883116883116883
    },
    "PC3-4": {
      "semantic_rsa": -0.2792207792207792,
      "context_rsa": 0.5103896103896104
    }
  },
  "Qwen": {
    "deep_layer": 28,
    "PC1-2": {
      "semantic_rsa": 0.7246753246753247,
      "context_rsa": -0.26103896103896107
    },
    "PC3-4": {
      "semantic_rsa": -0.4909090909090909,
      "context_rsa": 0.6545454545454545
    }
  }
}