{
  "gemma": {
    "0": -0.03734981595944162,
    "1": 0.04993402319605527,
    "2": 0.09084658656851168,
    "3": 0.04928120008333911,
    "4": 0.05276060837558163,
    "5": 0.006535176053892631,
    "6": 0.06892839780540315,
    "7": 0.07563719702757134,
    "8": 0.10451420237516493,
    "9": 0.08589485380929231,
    "10": 0.07573442600180567,
    "11": 0.08880477810959092,
    "12": 0.10428501979304117,
    "13": 0.08645739287450517,
    "14": 0.22568233905132298,
    "15": 0.27847767206055973,
    "16": 0.5203208556149731,
    "17": 0.5484061393152302,
    "18": 0.5356621987638029,
    "19": 0.4191749427043544,
    "20": 0.5548788110285435,
    "21": 0.6191679977776234,
    "22": 0.5876727550524342,
    "23": 0.6154732967567191,
    "24": 0.5025418431835543,
    "25": 0.5320716716438642,
    "26": 0.41907771373012004,
    "27": 0.4929231196610874,
    "28": 0.5216473366205986,
    "29": 0.6320786165705952,
    "30": 0.38455448295020483,
    "31": 0.5208070004861448,
    "32": 0.5185776790054863,
    "33": 0.5508854781582053,
    "34": 0.5185151746649072,
    "35": 0.5623168275574693,
    "36": 0.6349954857976248,
    "37": 0.6014514896867837,
    "38": 0.6342662684908673,
    "39": 0.7041947357455378,
    "40": 0.7081602889089519,
    "41": 0.6559899993055072
  },
  "qwen": {
    "0": -0.14167650531286893,
    "1": -0.09472880061115353,
    "2": -0.01866796305298979,
    "3": -0.06645600388915895,
    "4": -0.0946246267101882,
    "5": -0.04551704979512465,
    "6": 0.037106743523855824,
    "7": 0.07433849572887005,
    "8": 0.07663032155010763,
    "9": 0.10265296201125076,
    "10": 0.12173762066810194,
    "11": 0.10313910688242238,
    "12": 0.15080908396416415,
    "13": 0.13741926522675182,
    "14": 0.19092992568928396,
    "15": 0.1757205361483436,
    "16": 0.193367594971873,
    "17": 0.1880963955830266,
    "18": 0.2216403916938676,
    "19": 0.17183832210570177,
    "20": 0.15385096187235223,
    "21": 0.13814848253350925,
    "22": 0.08885339259670809,
    "23": 0.07144246128203346,
    "24": 0.09392318911035487,
    "25": 0.10194457948468642,
    "26": 0.10222932148065837,
    "27": 0.17183832210570177,
    "28": 0.08922841864018334,
    "29": 0.08285297590110423,
    "30": 0.10794499618029028,
    "31": 0.15325369817348425,
    "32": 0.23425237863740533,
    "33": 0.16740051392457805,
    "34": 0.17447044933675948,
    "35": 0.03166192096673379
  }
}