{
  "run_id": "D0p3_seed1",
  "diversity": 0.3,
  "seed": 1,
  "final_loss": 0.7425233602523804,
  "transition_t_ruler": 8,
  "sharpness_ruler": 0.2243822084305798,
  "transition_t_analytic": 16,
  "r2_curve": [
    0.3038208164848409,
    0.4155518929299902,
    0.5717544038120337,
    0.6972324352110191,
    0.753889820274621,
    0.8005784454125798,
    0.8468803503802546,
    0.873240441180265,
    0.9999656300607702
  ],
  "analytic": [
    0.07189864071171129,
    0.11490641111975947,
    0.21144743878166228,
    0.3610132405965237,
    0.5560335283368509,
    0.73483299536861,
    0.8483663879178049,
    0.9140187283829939,
    0.9592377709068345
  ]
}