{
  "n_nodes": 16,
  "walk_length": 2000,
  "ctx_window": [
    1000,
    2000
  ],
  "grid_rsa": {
    "0": 0.030154871866101808,
    "1": 0.10513924578095699,
    "2": 0.21072296687269945,
    "3": 0.18292937009514548,
    "4": 0.17429682616848388,
    "5": 0.07160913952357802,
    "6": 0.13850267379679143,
    "7": 0.13202305715674698,
    "8": 0.17995694145426763,
    "9": 0.15126744912841167,
    "10": 0.14492673102298767,
    "11": 0.1628724216959511,
    "12": 0.20126397666504617,
    "13": 0.18663101604278073,
    "14": 0.35227446350441005,
    "15": 0.4709563164108618,
    "16": 0.6583859990277102,
    "17": 0.6698659629140912,
    "18": 0.6425654559344399,
    "19": 0.5464546149038126,
    "20": 0.6393916244183623,
    "21": 0.7023126606014306,
    "22": 0.6624071116049725,
    "23": 0.7074032918952704,
    "24": 0.6547676922008472,
    "25": 0.6773317591499409,
    "26": 0.5745190638238765,
    "27": 0.6318841586221264,
    "28": 0.7444822557122022,
    "29": 0.7965553163414125,
    "30": 0.6099868046392111,
    "31": 0.7310229877074796,
    "32": 0.7550941037572052,
    "33": 0.7671018820751441,
    "34": 0.7956108063059933,
    "35": 0.8537606778248488,
    "36": 0.8651711924439197,
    "37": 0.876477533162025,
    "38": 0.8734564900340299,
    "39": 0.8900548649211749,
    "40": 0.8932495312174455,
    "41": 0.8581290367386621
  }
}