{
  "n_nodes": 16,
  "walk_length": 2000,
  "ctx_window": [
    1000,
    2000
  ],
  "grid_rsa": {
    "0": 0.028390860476421968,
    "1": 0.30534759358288766,
    "2": 0.2609139523578026,
    "3": 0.30511841100076387,
    "4": 0.4538648517258142,
    "5": 0.33405097576220566,
    "6": 0.3337037294256545,
    "7": 0.5333773178692964,
    "8": 0.5949996527536633,
    "9": 0.648385304535037,
    "10": 0.5918883255781651,
    "11": 0.5535662198763802,
    "12": 0.6658309604833669,
    "13": 0.6811514688520036,
    "14": 0.5588582540454198,
    "15": 0.59701368150566,
    "16": 0.6617542884922564,
    "17": 0.6402666851864712,
    "18": 0.626911591082714,
    "19": 0.6522397388707548,
    "20": 0.5876102507118549,
    "21": 0.666164316966456,
    "22": 0.6716230293770399,
    "23": 0.724216959511077,
    "24": 0.7693312035558023,
    "25": 0.7930203486353218,
    "26": 0.8177651225779566,
    "27": 0.8322730745190637,
    "28": 0.8450100701437598,
    "29": 0.858344329467324,
    "30": 0.8669629835405234,
    "31": 0.8560316688658933
  }
}