{
  "n_nodes": 16,
  "walk_length": 2000,
  "ctx_window": [
    1000,
    2000
  ],
  "grid_rsa": {
    "0": -0.048836724772553644,
    "1": 0.025932356413639834,
    "2": 0.040822279324953116,
    "3": -0.12284880894506561,
    "4": -0.0483714146815751,
    "5": -0.08777692895339953,
    "6": -0.008681158413778735,
    "7": 0.011410514619070767,
    "8": -0.003569692339745815,
    "9": 0.014223209945135077,
    "10": 0.024897562330717406,
    "11": 0.019501354260712544,
    "12": 0.11113966247656086,
    "13": 0.1303632196680325,
    "14": 0.2021876519202722,
    "15": 0.21372317522050138,
    "16": 0.2563233557885964,
    "17": 0.2798597124800333,
    "18": 0.32391832766164314,
    "19": 0.3639905548996457,
    "20": 0.4206819918049864,
    "21": 0.41764011389679834,
    "22": 0.4461212584207236,
    "23": 0.41661920966733795,
    "24": 0.46286547676922,
    "25": 0.43147440794499614,
    "26": 0.43889158969372866,
    "27": 0.5337592888395027,
    "28": 0.48106812973123125,
    "29": 0.6186471282727967,
    "30": 0.7107646364330855,
    "31": 0.7573581498715187,
    "32": 0.8235085769845127,
    "33": 0.8238766581012569,
    "34": 0.8234044030835473,
    "35": 0.7529550663240502
  }
}