{
  "run_id": "D0p6_seed1",
  "diversity": 0.6,
  "seed": 1,
  "final_loss": 0.9686986005306244,
  "transition_t_ruler": 16,
  "sharpness_ruler": 0.6335101201048099,
  "transition_t_analytic": 32,
  "r2_curve": [
    0.5471140069025362,
    0.6331429711688258,
    0.658458203669116,
    0.7745428619344314,
    0.8686297188463332,
    0.91930729644236,
    0.9452109512711242,
    0.9632262866472567,
    0.9978143052541565
  ],
  "analytic": [
    0.05720394692834199,
    0.08669858972670028,
    0.1503081785751375,
    0.260237283415894,
    0.44083461402123963,
    0.6374096885077745,
    0.8176201909567871,
    0.9138768556881907,
    0.9680690048710842
  ]
}