{
  "ruler": {
    "location_t": 16,
    "split_index": 4,
    "sharpness": 0.6335101201048099,
    "level_jump": 0.2855232007735188
  },
  "analytic": {
    "location_t": 32,
    "split_index": 5,
    "sharpness": 0.6973452392715229,
    "level_jump": 0.6351874124724963
  }
}