{
  "run_id": "D2p0_seed0",
  "diversity": 2.0,
  "seed": 0,
  "final_loss": 1.2406642961502075,
  "transition_t_ruler": 8,
  "sharpness_ruler": 0.6566949776480046,
  "transition_t_analytic": 64,
  "r2_curve": [
    0.22459531684455064,
    0.260117289619845,
    0.5206338598762986,
    0.6647339705298844,
    0.7814263428367173,
    0.8569714981429641,
    0.8633762258377384,
    0.8916393114530099,
    0.9973566988938402
  ],
  "analytic": [
    0.03953380614268359,
    0.0483897820058341,
    0.06809817874124804,
    0.11119892432263312,
    0.19731619469980868,
    0.3419707206833742,
    0.5251326028432526,
    0.7023549410621098,
    0.8407427615587527
  ]
}