{
  "ruler": {
    "location_t": 8,
    "split_index": 3,
    "sharpness": 0.6566949776480046,
    "level_jump": 0.5074685191687943
  },
  "analytic": {
    "location_t": 64,
    "split_index": 6,
    "sharpness": 0.69269341405186,
    "level_jump": 0.5549921673887748
  }
}