{
  "run_id": "D1p0_seed1",
  "diversity": 1.0,
  "seed": 1,
  "final_loss": 1.1065272307395935,
  "transition_t_ruler": 256,
  "sharpness_ruler": 0.5104364308641592,
  "transition_t_analytic": 32,
  "r2_curve": [
    0.06647387157171525,
    0.13549932003259207,
    0.2152426025024637,
    0.2744860239123955,
    0.38033155947685493,
    0.4658369676997859,
    0.5186070538395946,
    0.5234728471700427,
    0.9999562728775176
  ],
  "analytic": [
    0.04906439186946408,
    0.07122058498782902,
    0.11266435426665208,
    0.1933200866960196,
    0.3296463945671998,
    0.5373509304792904,
    0.7490750171795528,
    0.875906087968309,
    0.9591519147331862
  ]
}