{
  "ruler": {
    "location_t": 256,
    "cross_index": 8,
    "changepoint_t": 256,
    "sharpness": 0.5104364308641592,
    "range": 0.9334824023058024
  },
  "analytic": {
    "location_t": 32,
    "cross_index": 5,
    "changepoint_t": 32,
    "sharpness": 0.23264145606721476,
    "range": 0.910087523863722
  }
}