{
  "run_id": "D1p0_seed0",
  "diversity": 1.0,
  "seed": 0,
  "final_loss": 1.108073239326477,
  "transition_t_ruler": 64,
  "sharpness_ruler": 0.44529384693507335,
  "transition_t_analytic": 32,
  "r2_curve": [
    0.06999991121804487,
    0.12733347408198795,
    0.21625275570356334,
    0.3561196399764075,
    0.4470196317011184,
    0.5258782610355462,
    0.5717883819011839,
    0.585853785543687,
    0.9999587226007568
  ],
  "analytic": [
    0.04687659904037127,
    0.06498501038395256,
    0.1130695954880781,
    0.19940372702998213,
    0.34661600665560177,
    0.5497819401821962,
    0.7356186288923279,
    0.8513828498935097,
    0.9160059160094811
  ]
}