{
  "run_id": "D1p0_seed0",
  "diversity": 1.0,
  "seed": 0,
  "final_loss": 1.1080732488632201,
  "transition_t_ruler": 4,
  "sharpness_ruler": 0.6927920519240146,
  "transition_t_analytic": 32,
  "r2_curve": [
    0.2978875937524658,
    0.46612782619028764,
    0.6902843796914192,
    0.7625280857783464,
    0.874471315927788,
    0.9097785500938954,
    0.9151045982869821,
    0.9198841198336115,
    0.9982002578430729
  ],
  "analytic": [
    0.04687659904037127,
    0.06498501038395256,
    0.1130695954880781,
    0.19940372702998213,
    0.34661600665560177,
    0.5497819401821962,
    0.7356186288923279,
    0.8513828498935097,
    0.9160059160094811
  ]
}