{
  "ruler": {
    "location_t": 4,
    "split_index": 2,
    "sharpness": 0.6927920519240146,
    "level_jump": 0.48517104823649687
  },
  "analytic": {
    "location_t": 32,
    "split_index": 5,
    "sharpness": 0.7007094726108717,
    "level_jump": 0.6090071460247816
  }
}