{
  "run_id": "D0p3_seed0",
  "diversity": 0.3,
  "seed": 0,
  "final_loss": 0.7535702908039092,
  "transition_t_ruler": 8,
  "sharpness_ruler": 0.6862733422883771,
  "transition_t_analytic": 16,
  "r2_curve": [
    0.6273552064165451,
    0.6785392722953865,
    0.75612066380825,
    0.8668504884649945,
    0.9338491524923969,
    0.9460319691706577,
    0.9444611891335185,
    0.9570506247166788,
    0.9967270137420682
  ],
  "analytic": [
    0.06755555739719396,
    0.10553416858205264,
    0.1896634108969047,
    0.3458651096686684,
    0.571071723952153,
    0.7800455291749719,
    0.9052551236052887,
    0.9651231214391782,
    0.9935508885543178
  ]
}