{
  "revealed_weight": {
    "(0.2, 0.0, 0.0)": {
      "lambda": 0.2,
      "w": 0.0,
      "tau": 0.0,
      "lambda_hat": 0.21845086626566518,
      "rational_eff_weight": 0.20000000000000004,
      "n": 28
    },
    "(0.2, 1.0, 0.0)": {
      "lambda": 0.2,
      "w": 1.0,
      "tau": 0.0,
      "lambda_hat": 0.21845086626566518,
      "rational_eff_weight": 0.20000000000000004,
      "n": 28
    },
    "(0.2, 0.0, 1.5)": {
      "lambda": 0.2,
      "w": 0.0,
      "tau": 1.5,
      "lambda_hat": 0.05280771730918812,
      "rational_eff_weight": 0.05405405405405404,
      "n": 28
    },
    "(0.2, 1.0, 1.5)": {
      "lambda": 0.2,
      "w": 1.0,
      "tau": 1.5,
      "lambda_hat": 0.05280771730918812,
      "rational_eff_weight": 0.7848305540613232,
      "n": 28
    },
    "(0.8, 0.0, 0.0)": {
      "lambda": 0.8,
      "w": 0.0,
      "tau": 0.0,
      "lambda_hat": 0.26200251269750396,
      "rational_eff_weight": 0.8000000000000002,
      "n": 28
    },
    "(0.8, 1.0, 0.0)": {
      "lambda": 0.8,
      "w": 1.0,
      "tau": 0.0,
      "lambda_hat": 0.26200251269750396,
      "rational_eff_weight": 0.8000000000000002,
      "n": 28
    },
    "(0.8, 0.0, 1.5)": {
      "lambda": 0.8,
      "w": 0.0,
      "tau": 1.5,
      "lambda_hat": 0.23845272063790132,
      "rational_eff_weight": 0.06779661016949154,
      "n": 28
    },
    "(0.8, 1.0, 1.5)": {
      "lambda": 0.8,
      "w": 1.0,
      "tau": 1.5,
      "lambda_hat": 0.23845272063790132,
      "rational_eff_weight": 0.9831536388140163,
      "n": 28
    }
  },
  "layer_probes": {
    "private_implied": [
      -0.021521583698765712,
      -0.00802406568956011,
      0.004092365222994654,
      0.030641499874400326,
      0.07307378893917231,
      0.12242377699568278,
      0.17187995047707907,
      0.21547007702530957,
      0.2929408552014644,
      0.3425964227438415,
      0.3787874406093631,
      0.4694235051486354,
      0.5152285542765854,
      0.5034905451488161,
      0.49421898146703924,
      0.500409739356925,
      0.5816244289725203,
      0.5795390227557492,
      0.610223044492488,
      0.6185773065995073,
      0.6423402841975621,
      0.6496913385109335,
      0.6647646224756063,
      0.6788306868673442,
      0.6894325587556434,
      0.6973924842732938,
      0.7076560783113636,
      0.7313056142959556,
      0.7469355970890644,
      0.7700813623800269,
      0.7844413411808637,
      0.8106926043636703,
      0.8636467082161721
    ],
    "social_implied": [
      -0.032859740369789184,
      -0.030997146275422827,
      -0.028047443086021896,
      -0.01945291969781926,
      -0.0010699615747685742,
      0.040803190598576664,
      0.07318888782482261,
      0.13442299791450188,
      0.24001945491993587,
      0.28378312295690883,
      0.3713958595533218,
      0.4676227366771653,
      0.4921174579968862,
      0.49813469400492155,
      0.49378158240550957,
      0.4919089145618978,
      0.5183773112979443,
      0.5236256456730388,
      0.5466714421774499,
      0.5568268226486734,
      0.5699635262318162,
      0.5838629552836749,
      0.5992204863865765,
      0.6167516024985286,
      0.6328767175786153,
      0.6461243036489897,
      0.6567238292267111,
      0.6790038797795164,
      0.7029386747910766,
      0.7589168855713093,
      0.7783821235962307,
      0.8012598763798968,
      0.873426430689722
    ],
    "E_reward": [
      -0.021399600290900177,
      -0.017748140194422522,
      -0.01437016563327238,
      -0.004473237026270116,
      0.015335085219998846,
      0.05173217780542907,
      0.08753080891802531,
      0.1437276175273434,
      0.2386628757304164,
      0.2660223513450911,
      0.29981016410647265,
      0.33057093192920456,
      0.34594064061708174,
      0.3401024447566726,
      0.33717360014177816,
      0.336136412647284,
      0.3261956734398513,
      0.3289172183821581,
      0.30333015664365165,
      0.29959065614352226,
      0.29829566639547805,
      0.29780948449521266,
      0.29752971810895135,
      0.2950111091238424,
      0.2908268095543036,
      0.2944365504786178,
      0.28982086362370324,
      0.282516018544718,
      0.288747954114553,
      0.2989268006366571,
      0.2867489700008313,
      0.25158786772488506,
      0.09657026430745257
    ]
  },
  "patching_localization": {}
}