{
  "revealed_weight": {
    "(0.2, 0.0, 0.0)": {
      "lambda": 0.2,
      "w": 0.0,
      "tau": 0.0,
      "lambda_hat": 0.302943911230723,
      "rational_eff_weight": 0.20000000000000004,
      "n": 28
    },
    "(0.2, 1.0, 0.0)": {
      "lambda": 0.2,
      "w": 1.0,
      "tau": 0.0,
      "lambda_hat": 0.302943911230723,
      "rational_eff_weight": 0.20000000000000004,
      "n": 28
    },
    "(0.2, 0.0, 1.5)": {
      "lambda": 0.2,
      "w": 0.0,
      "tau": 1.5,
      "lambda_hat": 0.2307028780392649,
      "rational_eff_weight": 0.05405405405405404,
      "n": 28
    },
    "(0.2, 1.0, 1.5)": {
      "lambda": 0.2,
      "w": 1.0,
      "tau": 1.5,
      "lambda_hat": 0.2307028780392649,
      "rational_eff_weight": 0.7848305540613232,
      "n": 28
    },
    "(0.8, 0.0, 0.0)": {
      "lambda": 0.8,
      "w": 0.0,
      "tau": 0.0,
      "lambda_hat": 0.35576525177475204,
      "rational_eff_weight": 0.8000000000000002,
      "n": 28
    },
    "(0.8, 1.0, 0.0)": {
      "lambda": 0.8,
      "w": 1.0,
      "tau": 0.0,
      "lambda_hat": 0.35576525177475204,
      "rational_eff_weight": 0.8000000000000002,
      "n": 28
    },
    "(0.8, 0.0, 1.5)": {
      "lambda": 0.8,
      "w": 0.0,
      "tau": 1.5,
      "lambda_hat": 0.23845272063790132,
      "rational_eff_weight": 0.06779661016949154,
      "n": 28
    },
    "(0.8, 1.0, 1.5)": {
      "lambda": 0.8,
      "w": 1.0,
      "tau": 1.5,
      "lambda_hat": 0.23845272063790132,
      "rational_eff_weight": 0.9831536388140163,
      "n": 28
    }
  },
  "layer_probes": {
    "private_implied": [
      -0.021521583698765712,
      -0.0075459801671525105,
      0.00620188802992927,
      0.03488622253338129,
      0.0782435411764935,
      0.13208966126596317,
      0.17597556073785045,
      0.2100199751949332,
      0.28697403996079984,
      0.3392131613812534,
      0.38907471425467766,
      0.46162443842249196,
      0.4932017045217771,
      0.4951859172033398,
      0.49607658911390373,
      0.5040910831817618,
      0.568801223758092,
      0.567099709785277,
      0.5900181258303056,
      0.6032004210243374,
      0.6262531781035445,
      0.6344771711438717,
      0.6556558545002945,
      0.6801940561310194,
      0.6931528396771893,
      0.7086882837905375,
      0.7252400186020262,
      0.7584102645088654,
      0.7786180777032226,
      0.7973397002264959,
      0.8114000564951775,
      0.8321401971913046,
      0.8637460774212993
    ],
    "social_implied": [
      -0.032859740369789184,
      -0.031663292848804356,
      -0.02935502167681945,
      -0.02337086122788621,
      -0.005660472769869318,
      0.050122072859705824,
      0.08358560049618835,
      0.15643923802273094,
      0.2662859984295379,
      0.3221633727691116,
      0.3871379800931209,
      0.414218714429366,
      0.4256111694515452,
      0.45116247052488684,
      0.4496348909124495,
      0.45097709773734646,
      0.5160410763869386,
      0.5186498858162408,
      0.5569588182701386,
      0.5801471465350622,
      0.6012678385408744,
      0.6311262805711444,
      0.6515990469065475,
      0.6772662356559144,
      0.6908157658456184,
      0.7090604354604265,
      0.7266155106302057,
      0.765592255986784,
      0.7841614948113607,
      0.8151163796955976,
      0.835765771085196,
      0.85410613516929,
      0.9243601622940147
    ],
    "E_reward": [
      -0.021399600290900177,
      -0.01814136146003966,
      -0.014590008639011387,
      -0.005656125865945683,
      0.014497646637654871,
      0.06288473362320764,
      0.09211135922069562,
      0.15156470685701412,
      0.2444969127046474,
      0.2891361869191008,
      0.3104981270633793,
      0.3218471186578345,
      0.32468693115128167,
      0.3233934524691966,
      0.3195808536168735,
      0.32844207271830406,
      0.30918430180765005,
      0.31162627691809697,
      0.2876067940431271,
      0.2831137041357659,
      0.28117497507120515,
      0.28735581152669487,
      0.2934036852403354,
      0.2899095784739896,
      0.28900149907602,
      0.2883423296194434,
      0.29261515365874124,
      0.2953042345249758,
      0.28866143944748357,
      0.28215395281787836,
      0.27172036773410085,
      0.23518853949769697,
      0.07762799456176946
    ]
  },
  "patching_localization": {}
}