{
  "0": -0.005576776165011459,
  "1": 0.20317383151607746,
  "2": 0.19735398291548023,
  "3": 0.22318911035488576,
  "4": 0.35314257934578785,
  "5": 0.20524341968192233,
  "6": 0.19642336273352312,
  "7": 0.36023334953816233,
  "8": 0.4053753732898117,
  "9": 0.4343218279047155,
  "10": 0.3721022293214806,
  "11": 0.2871449406208765,
  "12": 0.4691089659004097,
  "13": 0.5062851586915758,
  "14": 0.3173831516077505,
  "15": 0.27458851309118687,
  "16": 0.280970900756997,
  "17": 0.2456906729634002,
  "18": 0.2065351760538926,
  "19": 0.2106674074588513,
  "20": 0.1718105423987777,
  "21": 0.28543648864504473,
  "22": 0.2621223696090006,
  "23": 0.28562400166678237,
  "24": 0.3163900270852142,
  "25": 0.32370997985971245,
  "26": 0.34112785610111807,
  "27": 0.3302868254739912,
  "28": 0.37817904021112575,
  "29": 0.38976317799847204,
  "30": 0.375248281130634,
  "31": 0.2691367456073338
}