{
  "run_id": "D0p6_seed0",
  "diversity": 0.6,
  "seed": 0,
  "final_loss": 0.9680348467826844,
  "transition_t_ruler": 64,
  "sharpness_ruler": 0.46131933705889105,
  "transition_t_analytic": 32,
  "r2_curve": [
    0.1399357272459466,
    0.16666095335257808,
    0.31156697112311627,
    0.4147916344352245,
    0.5049731790209722,
    0.5609442132539595,
    0.5745241369286735,
    0.6032157987457789,
    0.9999630195413813
  ],
  "analytic": [
    0.05715320383418355,
    0.08450824926143898,
    0.1485218631719294,
    0.25928910736527944,
    0.4396629936709529,
    0.6401701009732434,
    0.8274043394524031,
    0.9399899953201148,
    0.9817820071167473
  ]
}