{
  "ruler": {
    "location_t": 64,
    "cross_index": 6,
    "changepoint_t": 16,
    "sharpness": 0.46131933705889105,
    "range": 0.8600272932954347
  },
  "analytic": {
    "location_t": 32,
    "cross_index": 5,
    "changepoint_t": 32,
    "sharpness": 0.21685146122812782,
    "range": 0.9246288042825638
  }
}