{
  "run_id": "D0p3_seed0",
  "diversity": 0.3,
  "seed": 0,
  "final_loss": 0.7325840783119202,
  "transition_t_ruler": 16,
  "sharpness_ruler": 0.27005472549486365,
  "transition_t_analytic": 16,
  "r2_curve": [
    0.23288438456165653,
    0.28860329503615656,
    0.46152386571478965,
    0.6074625551493777,
    0.6692052426465672,
    0.7148332468492756,
    0.7498186109400911,
    0.7928048663890115,
    0.99995624823939
  ],
  "analytic": [
    0.06755555739719396,
    0.10553416858205264,
    0.1896634108969047,
    0.3458651096686684,
    0.571071723952153,
    0.7800455291749719,
    0.9052551236052887,
    0.9651231214391782,
    0.9935508885543178
  ]
}