{
  "ruler": {
    "location_t": 16,
    "cross_index": 4,
    "changepoint_t": 8,
    "sharpness": 0.27005472549486365,
    "range": 0.7670718646777335
  },
  "analytic": {
    "location_t": 16,
    "cross_index": 4,
    "changepoint_t": 16,
    "sharpness": 0.2432049130948224,
    "range": 0.9259953321571238
  }
}