{
  "run_id": "D0p1_seed0",
  "diversity": 0.1,
  "seed": 0,
  "final_loss": 0.3776364809274673,
  "transition_t_ruler": 8,
  "sharpness_ruler": 0.22744387052737708,
  "transition_t_analytic": 16,
  "r2_curve": [
    0.5049093958121729,
    0.6175043405151288,
    0.7093771121966753,
    0.7642814879627917,
    0.8236956238948899,
    0.8670467922447564,
    0.8782782155616953,
    0.8951948454205952,
    0.9999543676306558
  ],
  "analytic": [
    0.09216568459519503,
    0.14173404697297048,
    0.22757281214990746,
    0.3426684061938597,
    0.4824051075217176,
    0.6067339797933629,
    0.6904244908867941,
    0.7811259291312769,
    0.8500331733020414
  ]
}