{
  "ruler": {
    "location_t": 8,
    "cross_index": 3,
    "changepoint_t": 8,
    "sharpness": 0.22744387052737708,
    "range": 0.495044972818483
  },
  "analytic": {
    "location_t": 16,
    "cross_index": 4,
    "changepoint_t": 16,
    "sharpness": 0.18438144296427073,
    "range": 0.7578674897068464
  }
}