{
  "run_id": "D1p0_seed1",
  "diversity": 1.0,
  "seed": 1,
  "final_loss": 1.1065272212028503,
  "transition_t_ruler": 8,
  "sharpness_ruler": 0.5890419716943107,
  "transition_t_analytic": 32,
  "r2_curve": [
    0.43932175232121695,
    0.518704243077909,
    0.6264694346723066,
    0.7336437743791137,
    0.7820045432092164,
    0.877352999185357,
    0.8709199859992169,
    0.878341479915629,
    0.996722423603431
  ],
  "analytic": [
    0.04906439186946408,
    0.07122058498782902,
    0.11266435426665208,
    0.1933200866960196,
    0.3296463945671998,
    0.5373509304792904,
    0.7490750171795528,
    0.875906087968309,
    0.9591519147331862
  ]
}