{
  "ruler": {
    "location_t": 8,
    "split_index": 3,
    "sharpness": 0.5890419716943107,
    "level_jump": 0.3283323910248497
  },
  "analytic": {
    "location_t": 32,
    "split_index": 5,
    "sharpness": 0.6913486984652558,
    "level_jump": 0.6291878251126517
  }
}