{
  "run_id": "D0p3_seed1",
  "diversity": 0.3,
  "seed": 1,
  "final_loss": 0.742523375749588,
  "transition_t_ruler": 16,
  "sharpness_ruler": 0.7028086233006141,
  "transition_t_analytic": 16,
  "r2_curve": [
    0.6163446427617105,
    0.6401739467633911,
    0.6824138972960164,
    0.7995816490770811,
    0.8969555989821527,
    0.9423741780082867,
    0.9560650146867351,
    0.9716211946483,
    0.998286364205222
  ],
  "analytic": [
    0.07189864071171129,
    0.11490641111975947,
    0.21144743878166228,
    0.3610132405965237,
    0.5560335283368509,
    0.73483299536861,
    0.8483663879178049,
    0.9140187283829941,
    0.9592377709068346
  ]
}