{
  "ruler": {
    "location_t": 16,
    "split_index": 4,
    "sharpness": 0.7028086233006141,
    "level_jump": 0.26843193613158955
  },
  "analytic": {
    "location_t": 16,
    "split_index": 4,
    "sharpness": 0.6904704501817781,
    "level_jump": 0.6126814493802046
  }
}